"NDC Description",NDC,"Old NADAC Per Unit","New NADAC Per Unit","Classification for Rate Setting","Percent Change","Primary Reason","Start Date","End Date","Effective Date"
"ACCRUFER 30 MG CAPSULE",73059000160,8.47340,8.98189,B,6.00,"WAC Adjustment",01/03/2024,01/10/2024,01/05/2024
"ALREX 0.2% EYE DROPS",24208035305,54.16147,57.41170,B,6.00,"WAC Adjustment",01/03/2024,01/10/2024,01/01/2024
"ALREX 0.2% EYE DROPS",24208035310,53.85604,57.08686,B,6.00,"WAC Adjustment",01/03/2024,01/10/2024,01/01/2024
"ANORO ELLIPTA 62.5-25 MCG INH",00173086906,7.59319,7.82099,B,3.00,"WAC Adjustment",01/03/2024,01/10/2024,01/01/2024
"ANORO ELLIPTA 62.5-25 MCG INH",00173086910,7.36531,7.58627,B,3.00,"WAC Adjustment",01/03/2024,01/10/2024,01/01/2024
"APLENZIN ER 174 MG TABLET",00187581030,58.91816,64.75106,B,9.90,"WAC Adjustment",01/03/2024,01/10/2024,01/01/2024
"APLENZIN ER 348 MG TABLET",00187581130,77.48533,85.15638,B,9.90,"WAC Adjustment",01/03/2024,01/10/2024,01/01/2024
"APLENZIN ER 522 MG TABLET",00187581230,176.37947,193.84103,B,9.90,"WAC Adjustment",01/03/2024,01/10/2024,01/01/2024
"APTIOM 200 MG TABLET",63402020230,38.27111,40.56968,B,6.01,"WAC Adjustment",01/03/2024,01/10/2024,01/01/2024
"APTIOM 400 MG TABLET",63402020430,38.24175,40.53855,B,6.01,"WAC Adjustment",01/03/2024,01/10/2024,01/01/2024
"APTIOM 600 MG TABLET",63402020660,38.42753,40.73549,B,6.01,"WAC Adjustment",01/03/2024,01/10/2024,01/01/2024
"APTIOM 800 MG TABLET",63402020830,38.30246,40.60290,B,6.01,"WAC Adjustment",01/03/2024,01/10/2024,01/01/2024
"ARAZLO 0.045% LOTION",00187209845,10.98546,11.31513,B,3.00,"WAC Adjustment",01/03/2024,01/10/2024,01/01/2024
"ARMOUR THYROID 120 MG TABLET",00456046101,1.78674,1.87611,B,5.00,"WAC Adjustment",01/03/2024,01/10/2024,01/02/2024
"ARMOUR THYROID 15 MG TABLET",00456045701,0.74873,0.78613,B,5.00,"WAC Adjustment",01/03/2024,01/10/2024,01/02/2024
"ARMOUR THYROID 180 MG TABLET",00456046201,1.33716,1.40403,B,5.00,"WAC Adjustment",01/03/2024,01/10/2024,01/02/2024
"ARMOUR THYROID 240 MG TABLET",00456046301,1.62846,1.70993,B,5.00,"WAC Adjustment",01/03/2024,01/10/2024,01/02/2024
"ARMOUR THYROID 30 MG TABLET",00456045801,0.87809,0.92196,B,5.00,"WAC Adjustment",01/03/2024,01/10/2024,01/02/2024
"ARMOUR THYROID 300 MG TABLET",00456046401,1.90359,1.99877,B,5.00,"WAC Adjustment",01/03/2024,01/10/2024,01/02/2024
"ARMOUR THYROID 60 MG TABLET",00456045901,0.97648,1.02528,B,5.00,"WAC Adjustment",01/03/2024,01/10/2024,01/02/2024
"ARMOUR THYROID 90 MG TABLET",00456046001,1.53135,1.60793,B,5.00,"WAC Adjustment",01/03/2024,01/10/2024,01/02/2024
"ASMANEX HFA 100 MCG INHALER",78206011201,14.82657,7.41358,B,-50.00,"WAC Adjustment",01/03/2024,01/10/2024,01/02/2024
"ASMANEX HFA 200 MCG INHALER",78206011301,17.40744,8.70372,B,-50.00,"WAC Adjustment",01/03/2024,01/10/2024,01/02/2024
"ASMANEX HFA 50 MCG INHALER",78206011101,13.80491,6.90245,B,-50.00,"WAC Adjustment",01/03/2024,01/10/2024,01/02/2024
"ASMANEX TWISTHALER 110 MCG #30",78206011501,178.64800,89.32400,B,-50.00,"WAC Adjustment",01/03/2024,01/10/2024,01/02/2024
"ASMANEX TWISTHALER 220 MCG #30",78206011404,192.84500,96.42636,B,-50.00,"WAC Adjustment",01/03/2024,01/10/2024,01/02/2024
"ASMANEX TWISTHALER 220 MCG #60",78206011402,225.69348,112.85125,B,-50.00,"WAC Adjustment",01/03/2024,01/10/2024,01/02/2024
"ASMANEX TWISTHALR 220 MCG #120",78206011401,324.62818,162.31409,B,-50.00,"WAC Adjustment",01/03/2024,01/10/2024,01/02/2024
"ATIVAN 0.5 MG TABLET",00187006301,31.87660,32.86478,B,3.10,"WAC Adjustment",01/03/2024,01/10/2024,01/01/2024
"ATIVAN 1 MG TABLET",00187006401,42.76885,44.09468,B,3.10,"WAC Adjustment",01/03/2024,01/10/2024,01/01/2024
"ATIVAN 1 MG TABLET",00187006410,42.76885,44.09468,B,3.10,"WAC Adjustment",01/03/2024,01/10/2024,01/01/2024
"AVONEX PEN 30 MCG/0.5 ML KIT",59627033304,7716.14817,8024.79410,B,4.00,"WAC Adjustment",01/03/2024,01/10/2024,01/01/2024
"AVONEX PREFILLED SYR 30 MCG KIT",59627022205,7749.25888,8059.22924,B,4.00,"WAC Adjustment",01/03/2024,01/10/2024,01/01/2024
"BALCOLTRA TABLET",75854060203,9.12850,9.40226,B,3.00,"WAC Adjustment",01/03/2024,01/10/2024,01/01/2024
"BALCOLTRA TABLET",75854060228,9.12850,9.40226,B,3.00,"WAC Adjustment",01/03/2024,01/10/2024,01/01/2024
"BELBUCA 150 MCG FILM",59385002201,6.43104,6.81690,B,6.00,"WAC Adjustment",01/03/2024,01/10/2024,01/01/2024
"BELBUCA 150 MCG FILM",59385002260,6.43104,6.81690,B,6.00,"WAC Adjustment",01/03/2024,01/10/2024,01/01/2024
"BELBUCA 300 MCG FILM",59385002301,10.13592,10.74408,B,6.00,"WAC Adjustment",01/03/2024,01/10/2024,01/01/2024
"BELBUCA 300 MCG FILM",59385002360,10.13592,10.74408,B,6.00,"WAC Adjustment",01/03/2024,01/10/2024,01/01/2024
"BELBUCA 450 MCG FILM",59385002401,13.78357,14.61058,B,6.00,"WAC Adjustment",01/03/2024,01/10/2024,01/01/2024
"BELBUCA 450 MCG FILM",59385002460,13.78357,14.61058,B,6.00,"WAC Adjustment",01/03/2024,01/10/2024,01/01/2024
"BELBUCA 600 MCG FILM",59385002501,14.68387,15.56490,B,6.00,"WAC Adjustment",01/03/2024,01/10/2024,01/01/2024
"BELBUCA 600 MCG FILM",59385002560,14.68387,15.56490,B,6.00,"WAC Adjustment",01/03/2024,01/10/2024,01/01/2024
"BELBUCA 75 MCG FILM",59385002101,6.45956,6.84714,B,6.00,"WAC Adjustment",01/03/2024,01/10/2024,01/01/2024
"BELBUCA 75 MCG FILM",59385002160,6.45956,6.84714,B,6.00,"WAC Adjustment",01/03/2024,01/10/2024,01/01/2024
"BELBUCA 750 MCG FILM",59385002601,15.47378,16.40221,B,6.00,"WAC Adjustment",01/03/2024,01/10/2024,01/01/2024
"BELBUCA 750 MCG FILM",59385002660,15.47378,16.40221,B,6.00,"WAC Adjustment",01/03/2024,01/10/2024,01/01/2024
"BELBUCA 900 MCG FILM",59385002701,15.87577,16.82831,B,6.00,"WAC Adjustment",01/03/2024,01/10/2024,01/01/2024
"BELBUCA 900 MCG FILM",59385002760,15.87577,16.82831,B,6.00,"WAC Adjustment",01/03/2024,01/10/2024,01/01/2024
"BEPREVE 1.5% EYE DROPS",24208062901,49.99591,52.99516,B,6.00,"WAC Adjustment",01/03/2024,01/10/2024,01/01/2024
"BEPREVE 1.5% EYE DROPS",24208062902,52.23720,55.37143,B,6.00,"WAC Adjustment",01/03/2024,01/10/2024,01/01/2024
"BESIVANCE 0.6% SUSP",24208044605,40.99283,43.45281,B,6.00,"WAC Adjustment",01/03/2024,01/10/2024,01/01/2024
"BETASERON 0.3 MG KIT",50419052401,639.15216,677.50129,B,6.00,"WAC Adjustment",01/03/2024,01/10/2024,01/01/2024
"BETASERON 0.3 MG KIT",50419052435,639.15216,677.50129,B,6.00,"WAC Adjustment",01/03/2024,01/10/2024,01/01/2024
"BEVESPI AEROSPHERE INHALER",00310460012,37.60274,38.73045,B,3.00,"WAC Adjustment",01/03/2024,01/10/2024,01/01/2024
"BIKTARVY 50-200-25 MG TABLET",61958250101,123.08558,129.11677,B,4.90,"WAC Adjustment",01/03/2024,01/10/2024,01/01/2024
"BIKTARVY 50-200-25 MG TABLET",61958250103,123.08558,129.11677,B,4.90,"WAC Adjustment",01/03/2024,01/10/2024,01/01/2024
"BREO ELLIPTA 100-25 MCG INHALR",00173085910,6.31675,6.50625,B,3.00,"WAC Adjustment",01/03/2024,01/10/2024,01/01/2024
"BREO ELLIPTA 100-25 MCG INHALR",00173085914,5.24146,5.39870,B,3.00,"WAC Adjustment",01/03/2024,01/10/2024,01/01/2024
"BREO ELLIPTA 200-25 MCG INHALR",00173088210,6.31469,6.50413,B,3.00,"WAC Adjustment",01/03/2024,01/10/2024,01/01/2024
"BREO ELLIPTA 200-25 MCG INHALR",00173088214,5.21943,5.37601,B,3.00,"WAC Adjustment",01/03/2024,01/10/2024,01/01/2024
"BREZTRI AEROSPHERE INHALER",00310461612,56.13438,57.81841,B,3.00,"WAC Adjustment",01/03/2024,01/10/2024,01/01/2024
"BREZTRI AEROSPHERE INHALER",00310461639,56.43359,58.12660,B,3.00,"WAC Adjustment",01/03/2024,01/10/2024,01/01/2024
"BRILINTA 60 MG TABLET",00186077660,6.99996,7.20996,B,3.00,"WAC Adjustment",01/03/2024,01/10/2024,01/01/2024
"BRILINTA 90 MG TABLET",00186077739,7.00394,7.21405,B,3.00,"WAC Adjustment",01/03/2024,01/10/2024,01/01/2024
"BRILINTA 90 MG TABLET",00186077760,7.00394,7.21405,B,3.00,"WAC Adjustment",01/03/2024,01/10/2024,01/01/2024
"BRYHALI 0.01% LOTION",00187000201,4.96087,5.10970,B,3.00,"WAC Adjustment",01/03/2024,01/10/2024,01/01/2024
"BRYHALI 0.01% LOTION",00187000260,4.98400,5.13357,B,3.00,"WAC Adjustment",01/03/2024,01/10/2024,01/01/2024
"BYDUREON BCISE 2 MG AUTOINJECT",00310654004,227.23279,234.04978,B,3.00,"WAC Adjustment",01/03/2024,01/10/2024,01/01/2024
"BYETTA 10 MCG DOSE PEN INJ",00310652401,330.92812,340.85928,B,3.00,"WAC Adjustment",01/03/2024,01/10/2024,01/01/2024
"BYETTA 5 MCG DOSE PEN INJ",00310651201,661.81389,681.67493,B,3.00,"WAC Adjustment",01/03/2024,01/10/2024,01/01/2024
"BYSTOLIC 10 MG TABLET",00456141030,5.57880,5.85784,B,5.00,"WAC Adjustment",01/03/2024,01/10/2024,01/02/2024
"BYSTOLIC 10 MG TABLET",00456141090,5.57880,5.85784,B,5.00,"WAC Adjustment",01/03/2024,01/10/2024,01/02/2024
"BYSTOLIC 2.5 MG TABLET",00456140211,5.56504,5.84346,B,5.00,"WAC Adjustment",01/03/2024,01/10/2024,01/02/2024
"BYSTOLIC 2.5 MG TABLET",00456140230,5.56504,5.84346,B,5.00,"WAC Adjustment",01/03/2024,01/10/2024,01/02/2024
"BYSTOLIC 20 MG TABLET",00456142090,5.51887,5.79487,B,5.00,"WAC Adjustment",01/03/2024,01/10/2024,01/02/2024
"BYSTOLIC 5 MG TABLET",00456140511,5.56151,5.83967,B,5.00,"WAC Adjustment",01/03/2024,01/10/2024,01/02/2024
"BYSTOLIC 5 MG TABLET",00456140530,5.56151,5.83967,B,5.00,"WAC Adjustment",01/03/2024,01/10/2024,01/02/2024
"BYSTOLIC 5 MG TABLET",00456140590,5.56151,5.83967,B,5.00,"WAC Adjustment",01/03/2024,01/10/2024,01/02/2024
"CARAFATE 1 GM TABLET",58914017110,4.51723,4.74304,B,5.00,"WAC Adjustment",01/03/2024,01/10/2024,01/02/2024
"CARAFATE 1 GM/10 ML SUSP",58914017014,0.58002,0.60902,B,5.00,"WAC Adjustment",01/03/2024,01/10/2024,01/02/2024
"CLIMARA PRO PATCH",50419049104,58.13375,59.87951,B,3.00,"WAC Adjustment",01/03/2024,01/10/2024,01/01/2024
"COMPLERA TABLET",61958110101,111.70687,117.18050,B,4.90,"WAC Adjustment",01/03/2024,01/10/2024,01/01/2024
"CREON DR 12,000 UNIT CAPSULE",00032121201,3.79791,3.98781,B,5.00,"WAC Adjustment",01/03/2024,01/10/2024,01/02/2024
"CREON DR 12,000 UNIT CAPSULE",00032121207,3.79791,3.98781,B,5.00,"WAC Adjustment",01/03/2024,01/10/2024,01/02/2024
"CREON DR 24,000 UNIT CAPSULE",00032122401,7.51949,7.89547,B,5.00,"WAC Adjustment",01/03/2024,01/10/2024,01/02/2024
"CREON DR 24,000 UNIT CAPSULE",00032122407,7.51949,7.89547,B,5.00,"WAC Adjustment",01/03/2024,01/10/2024,01/02/2024
"CREON DR 3,000 UNIT CAPSULE",00032120370,1.59369,1.67339,B,5.00,"WAC Adjustment",01/03/2024,01/10/2024,01/02/2024
"CREON DR 36,000 UNIT CAPSULE",00032301613,11.40453,11.97476,B,5.00,"WAC Adjustment",01/03/2024,01/10/2024,01/02/2024
"CREON DR 36,000 UNIT CAPSULE",00032301628,11.40453,11.97476,B,5.00,"WAC Adjustment",01/03/2024,01/10/2024,01/02/2024
"CREON DR 6,000 UNIT CAPSULE",00032120601,1.89175,1.98630,B,5.00,"WAC Adjustment",01/03/2024,01/10/2024,01/02/2024
"CREON DR 6,000 UNIT CAPSULE",00032120607,1.89175,1.98630,B,5.00,"WAC Adjustment",01/03/2024,01/10/2024,01/02/2024
"CYCLOSET 0.8 MG TABLET",68012025820,5.36119,5.45234,B,1.70,"WAC Adjustment",01/03/2024,01/10/2024,01/01/2024
"DALIRESP 250 MCG TABLET",00310008828,13.74795,14.16025,B,3.00,"WAC Adjustment",01/03/2024,01/10/2024,01/01/2024
"DALIRESP 250 MCG TABLET",00310008839,13.74795,14.16025,B,3.00,"WAC Adjustment",01/03/2024,01/10/2024,01/01/2024
"DALIRESP 500 MCG TABLET",00310009530,13.74186,14.15422,B,3.00,"WAC Adjustment",01/03/2024,01/10/2024,01/01/2024
"DALIRESP 500 MCG TABLET",00310009590,13.74186,14.15422,B,3.00,"WAC Adjustment",01/03/2024,01/10/2024,01/01/2024
"DEPAKOTE DR 125 MG SPRINKLE CP",00074611413,1.70912,1.79458,B,5.00,"WAC Adjustment",01/03/2024,01/10/2024,01/02/2024
"DEPAKOTE DR 125 MG TABLET",00074732513,1.79010,1.87957,B,5.00,"WAC Adjustment",01/03/2024,01/10/2024,01/02/2024
"DEPAKOTE DR 250 MG TABLET",00074621413,3.51356,3.68927,B,5.00,"WAC Adjustment",01/03/2024,01/10/2024,01/02/2024
"DEPAKOTE DR 250 MG TABLET",00074621453,3.51356,3.68927,B,5.00,"WAC Adjustment",01/03/2024,01/10/2024,01/02/2024
"DEPAKOTE DR 250 MG TABLET",00074732613,3.51356,3.68927,B,5.00,"WAC Adjustment",01/03/2024,01/10/2024,01/02/2024
"DEPAKOTE DR 500 MG TABLET",00074621513,6.48194,6.80597,B,5.00,"WAC Adjustment",01/03/2024,01/10/2024,01/02/2024
"DEPAKOTE DR 500 MG TABLET",00074621553,6.48194,6.80597,B,5.00,"WAC Adjustment",01/03/2024,01/10/2024,01/02/2024
"DEPAKOTE DR 500 MG TABLET",00074732713,6.48194,6.80597,B,5.00,"WAC Adjustment",01/03/2024,01/10/2024,01/02/2024
"DEPAKOTE ER 250 MG TABLET",00074382611,3.18910,3.34862,B,5.00,"WAC Adjustment",01/03/2024,01/10/2024,01/02/2024
"DEPAKOTE ER 250 MG TABLET",00074382613,3.18910,3.34862,B,5.00,"WAC Adjustment",01/03/2024,01/10/2024,01/02/2024
"DEPAKOTE ER 250 MG TABLET",00074740113,3.18910,3.34862,B,5.00,"WAC Adjustment",01/03/2024,01/10/2024,01/02/2024
"DEPAKOTE ER 500 MG TABLET",00074712611,5.62288,5.90408,B,5.00,"WAC Adjustment",01/03/2024,01/10/2024,01/02/2024
"DEPAKOTE ER 500 MG TABLET",00074712613,5.62288,5.90408,B,5.00,"WAC Adjustment",01/03/2024,01/10/2024,01/02/2024
"DEPAKOTE ER 500 MG TABLET",00074740213,5.62288,5.90408,B,5.00,"WAC Adjustment",01/03/2024,01/10/2024,01/02/2024
"DESCOVY 200-25 MG TABLET",61958200201,70.02748,71.42803,B,2.00,"WAC Adjustment",01/03/2024,01/10/2024,01/01/2024
"DESCOVY 200-25 MG TABLET",61958200202,70.02748,71.42803,B,2.00,"WAC Adjustment",01/03/2024,01/10/2024,01/01/2024
"DOVATO 50-300 MG TABLET",49702024613,90.68810,96.07497,B,5.94,"WAC Adjustment",01/03/2024,01/10/2024,01/01/2024
"DUOBRII 0.01%-0.045% LOTION",00187065301,9.70727,9.99849,B,3.00,"WAC Adjustment",01/03/2024,01/10/2024,01/01/2024
"DUPIXENT 200 MG/1.14 ML SYRING",00024591801,1530.50223,1622.33236,B,6.00,"WAC Adjustment",01/03/2024,01/10/2024,01/03/2024
"DUPIXENT 300 MG/2 ML PEN",00024591502,867.73855,919.80287,B,6.00,"WAC Adjustment",01/03/2024,01/10/2024,01/03/2024
"DUPIXENT 300 MG/2 ML SYRINGE",00024591401,867.39309,919.43668,B,6.00,"WAC Adjustment",01/03/2024,01/10/2024,01/03/2024
"ELIQUIS 2.5 MG TABLET",00003089321,8.96117,9.49893,B,6.00,"WAC Adjustment",01/03/2024,01/10/2024,01/01/2024
"ELIQUIS 2.5 MG TABLET",00003089331,8.96117,9.49893,B,6.00,"WAC Adjustment",01/03/2024,01/10/2024,01/01/2024
"ELIQUIS 5 MG TABLET",00003089421,8.96563,9.50366,B,6.00,"WAC Adjustment",01/03/2024,01/10/2024,01/01/2024
"ELIQUIS 5 MG TABLET",00003089431,8.96563,9.50366,B,6.00,"WAC Adjustment",01/03/2024,01/10/2024,01/01/2024
"ELIQUIS 5 MG TABLET",00003089470,8.96563,9.50366,B,6.00,"WAC Adjustment",01/03/2024,01/10/2024,01/01/2024
"ELIQUIS DVT-PE TREATMENT 30-DAY STARTER 5 MG PACK",00003376474,8.95402,9.49126,B,6.00,"WAC Adjustment",01/03/2024,01/10/2024,01/01/2024
"FARXIGA 10 MG TABLET",00310621030,18.07567,18.61794,B,3.00,"WAC Adjustment",01/03/2024,01/10/2024,01/01/2024
"FARXIGA 10 MG TABLET",00310621039,18.07567,18.61794,B,3.00,"WAC Adjustment",01/03/2024,01/10/2024,01/01/2024
"FARXIGA 5 MG TABLET",00310620530,18.07518,18.61743,B,3.00,"WAC Adjustment",01/03/2024,01/10/2024,01/01/2024
"FETZIMA 20-40 MG TITRATION PAK",00456220228,15.35867,16.12660,B,5.00,"WAC Adjustment",01/03/2024,01/10/2024,01/02/2024
"FETZIMA ER 120 MG CAPSULE",00456221230,15.25861,16.02139,B,5.00,"WAC Adjustment",01/03/2024,01/10/2024,01/02/2024
"FETZIMA ER 20 MG CAPSULE",00456222030,15.27830,16.04206,B,5.00,"WAC Adjustment",01/03/2024,01/10/2024,01/02/2024
"FETZIMA ER 40 MG CAPSULE",00456224030,15.29645,16.06112,B,5.00,"WAC Adjustment",01/03/2024,01/10/2024,01/02/2024
"FETZIMA ER 80 MG CAPSULE",00456228030,15.19174,15.95117,B,5.00,"WAC Adjustment",01/03/2024,01/10/2024,01/02/2024
"FROVA 2.5 MG TABLET",63481002509,123.77891,136.03302,B,9.90,"WAC Adjustment",01/03/2024,01/10/2024,01/01/2024
"GEMTESA 75 MG TABLET",73336007530,15.06702,15.51889,B,3.00,"WAC Adjustment",01/03/2024,01/10/2024,01/01/2024
"GEMTESA 75 MG TABLET",73336007590,15.06702,15.51889,B,3.00,"WAC Adjustment",01/03/2024,01/10/2024,01/01/2024
"GENVOYA TABLET",61958190101,123.07577,129.10648,B,4.90,"WAC Adjustment",01/03/2024,01/10/2024,01/01/2024
"HUMALOG 100 UNIT/ML CARTRIDGE",00002751659,32.59055,9.77749,B,-70.00,"WAC Adjustment",01/03/2024,01/10/2024,12/30/2023
"HUMALOG 100 UNIT/ML KWIKPEN",00002879959,33.92045,10.17614,B,-70.00,"WAC Adjustment",01/03/2024,01/10/2024,12/30/2023
"HUMALOG 100 UNIT/ML VIAL",00002751001,26.34870,6.36901,B,-75.83,"WAC Adjustment",01/03/2024,01/10/2024,12/30/2023
"HUMALOG JR 100 UNIT/ML KWIKPEN",00002771459,33.81272,10.14382,B,-70.00,"WAC Adjustment",01/03/2024,01/10/2024,12/30/2023
"HUMALOG MIX 50-50 KWIKPEN",00002879859,34.08340,10.22502,B,-70.00,"WAC Adjustment",01/03/2024,01/10/2024,12/30/2023
"HUMALOG MIX 75-25 KWIKPEN",00002879759,33.88926,10.16678,B,-70.00,"WAC Adjustment",01/03/2024,01/10/2024,12/30/2023
"HUMALOG MIX 75-25 VIAL",00002751101,27.35188,8.20556,B,-70.00,"WAC Adjustment",01/03/2024,01/10/2024,12/30/2023
"HUMULIN 70/30 KWIKPEN",00002880359,30.08337,9.02501,B,-70.00,"WAC Adjustment",01/03/2024,01/10/2024,12/30/2023
"HUMULIN 70-30 VIAL",00002871501,14.28236,4.28471,B,-70.00,"WAC Adjustment",01/03/2024,01/10/2024,12/30/2023
"HUMULIN N 100 UNIT/ML KWIKPEN",00002880559,30.23080,9.06924,B,-70.00,"WAC Adjustment",01/03/2024,01/10/2024,12/30/2023
"HUMULIN N 100 UNIT/ML VIAL",00002831501,14.26509,4.27953,B,-70.00,"WAC Adjustment",01/03/2024,01/10/2024,12/30/2023
"HUMULIN R 100 UNIT/ML VIAL",00002821501,14.27948,4.28384,B,-70.00,"WAC Adjustment",01/03/2024,01/10/2024,12/30/2023
"IBSRELA 50 MG TABLET",73154005060,27.17955,28.53771,B,5.00,"WAC Adjustment",01/03/2024,01/10/2024,01/01/2024
"IMITREX 100 MG TABLET",00173073701,70.73448,72.85651,B,3.00,"WAC Adjustment",01/03/2024,01/10/2024,01/01/2024
"IMITREX 50 MG TABLET",00173073601,70.93996,73.06816,B,3.00,"WAC Adjustment",01/03/2024,01/10/2024,01/01/2024
"IMITREX 6 MG/0.5 ML CARTRIDGES",00173047800,429.78540,442.67896,B,3.00,"WAC Adjustment",01/03/2024,01/10/2024,01/01/2024
"INSULIN ASPART 100 UNIT/ML VL",73070010011,13.87673,6.93837,G,-50.00,"Help Desk",01/03/2024,01/10/2024,01/01/2024
"INSULIN ASPART FLEXPEN 100 UNIT/ML PEN",73070010315,17.89422,8.94711,G,-50.00,"Help Desk",01/03/2024,01/10/2024,01/01/2024
"INSULIN ASPART PENFILL 100 UNIT/ML CARTRIDGE",73070010215,17.24452,8.62226,G,-50.00,"Help Desk",01/03/2024,01/10/2024,01/01/2024
"INSULIN ASPART PROTAMINE-INSULIN ASPART MIX 70-30 FLEXPEN",73070020315,17.92800,8.96400,G,-50.00,"Help Desk",01/03/2024,01/10/2024,01/01/2024
"INSULIN ASPART PROTAMINE-INSULIN ASPART MIX 70-30 VIAL",73070020011,14.37743,6.93098,G,-51.79,"Help Desk",01/03/2024,01/10/2024,01/01/2024
"INSULIN GLARGINE-YFGN U100 PEN",49502039475,9.48082,5.89428,G,-37.83,"Help Desk",01/03/2024,01/10/2024,01/01/2024
"INSULIN GLARGINE-YFGN U100 VL",49502039380,9.53900,6.08891,G,-36.17,"Help Desk",01/03/2024,01/10/2024,01/01/2024
"JUBLIA 10% TOPICAL SOLUTION",00187540004,178.67143,182.24307,B,2.00,"WAC Adjustment",01/03/2024,01/10/2024,01/01/2024
"JUBLIA 10% TOPICAL SOLUTION",00187540008,178.28977,181.85557,B,2.00,"WAC Adjustment",01/03/2024,01/10/2024,01/01/2024
"JULUCA 50-25 MG TABLET",49702024213,106.93787,113.28998,B,5.94,"WAC Adjustment",01/03/2024,01/10/2024,01/01/2024
"KERENDIA 10 MG TABLET",50419054001,20.03155,21.03693,B,5.02,"WAC Adjustment",01/03/2024,01/10/2024,01/01/2024
"KERENDIA 10 MG TABLET",50419054002,20.03155,21.03693,B,5.02,"WAC Adjustment",01/03/2024,01/10/2024,01/01/2024
"KERENDIA 20 MG TABLET",50419054101,19.99679,21.00043,B,5.02,"WAC Adjustment",01/03/2024,01/10/2024,01/01/2024
"KERENDIA 20 MG TABLET",50419054102,19.99679,21.00043,B,5.02,"WAC Adjustment",01/03/2024,01/10/2024,01/01/2024
"KRISTALOSE 10 GM PACKET",66220071930,8.61442,8.87302,B,3.00,"WAC Adjustment",01/03/2024,01/10/2024,01/03/2024
"KRISTALOSE 20 GM PACKET",66220072930,8.95504,9.22369,B,3.00,"WAC Adjustment",01/03/2024,01/10/2024,01/03/2024
"LEVEMIR 100 UNIT/ML VIAL",00169368712,29.51015,10.32855,B,-65.00,"WAC Adjustment",01/03/2024,01/10/2024,01/01/2024
"LEVEMIR FLEXPEN 100 UNIT/ML",00169643210,29.58848,10.35567,B,-65.00,"WAC Adjustment",01/03/2024,01/10/2024,01/01/2024
"LEVEMIR FLEXTOUCH 100 UNIT/ML",00169643810,29.58848,10.35567,B,-65.00,"WAC Adjustment",01/03/2024,01/10/2024,01/01/2024
"LEXAPRO 10 MG TABLET",00456201001,13.31802,13.98392,B,5.00,"WAC Adjustment",01/03/2024,01/10/2024,01/02/2024
"LEXAPRO 20 MG TABLET",00456202001,13.97623,14.67505,B,5.00,"WAC Adjustment",01/03/2024,01/10/2024,01/02/2024
"LEXAPRO 5 MG TABLET",00456200501,13.01262,13.66325,B,5.00,"WAC Adjustment",01/03/2024,01/10/2024,01/02/2024
"LINZESS 145 MCG CAPSULE",00456120130,16.47436,17.29808,B,5.00,"WAC Adjustment",01/03/2024,01/10/2024,01/02/2024
"LINZESS 290 MCG CAPSULE",00456120230,16.45639,17.27921,B,5.00,"WAC Adjustment",01/03/2024,01/10/2024,01/02/2024
"LINZESS 72 MCG CAPSULE",00456120330,16.45374,17.27643,B,5.00,"WAC Adjustment",01/03/2024,01/10/2024,01/02/2024
"LO LOESTRIN FE 1-10 TABLET",00430042014,5.85638,6.14920,B,5.00,"WAC Adjustment",01/03/2024,01/10/2024,01/02/2024
"LOKELMA 10 GRAM POWDER PACKET",00310111001,24.93361,26.18032,B,5.00,"WAC Adjustment",01/03/2024,01/10/2024,01/01/2024
"LOKELMA 10 GRAM POWDER PACKET",00310111030,24.93361,26.18032,B,5.00,"WAC Adjustment",01/03/2024,01/10/2024,01/01/2024
"LOKELMA 10 GRAM POWDER PACKET",00310111039,24.93361,26.18032,B,5.00,"WAC Adjustment",01/03/2024,01/10/2024,01/01/2024
"LOKELMA 5 GRAM POWDER PACKET",00310110501,24.94530,26.19261,B,5.00,"WAC Adjustment",01/03/2024,01/10/2024,01/01/2024
"LOKELMA 5 GRAM POWDER PACKET",00310110530,24.94530,26.19261,B,5.00,"WAC Adjustment",01/03/2024,01/10/2024,01/01/2024
"LOKELMA 5 GRAM POWDER PACKET",00310110539,24.94530,26.19261,B,5.00,"WAC Adjustment",01/03/2024,01/10/2024,01/01/2024
"LOTEMAX 0.5% EYE DROPS",24208029905,58.00114,61.48005,B,6.00,"WAC Adjustment",01/03/2024,01/10/2024,01/01/2024
"LOTEMAX 0.5% EYE DROPS",24208029910,57.50355,60.95377,B,6.00,"WAC Adjustment",01/03/2024,01/10/2024,01/01/2024
"LOTEMAX 0.5% EYE OINTMENT",24208044335,92.80184,98.36995,B,6.00,"WAC Adjustment",01/03/2024,01/10/2024,01/01/2024
"LOTEMAX 0.5% OPHTHALMIC GEL",24208050307,47.12680,49.95488,B,6.00,"WAC Adjustment",01/03/2024,01/10/2024,01/01/2024
"LOTEMAX SM 0.38% OPHTH GEL",24208050707,46.05688,48.82076,B,6.00,"WAC Adjustment",01/03/2024,01/10/2024,01/01/2024
"LUMIGAN 0.01% EYE DROPS",00023320503,91.86568,96.45896,B,5.00,"WAC Adjustment",01/03/2024,01/10/2024,01/02/2024
"LUMIGAN 0.01% EYE DROPS",00023320505,91.81511,96.40587,B,5.00,"WAC Adjustment",01/03/2024,01/10/2024,01/02/2024
"LUMIGAN 0.01% EYE DROPS",00023320508,92.05296,96.65561,B,5.00,"WAC Adjustment",01/03/2024,01/10/2024,01/02/2024
"LUPRON DEPOT 11.25 MG 3MO KIT",00074366303,4774.08963,5012.79411,B,5.00,"WAC Adjustment",01/03/2024,01/10/2024,01/02/2024
"LUPRON DEPOT 22.5 MG 3MO KIT",00074334603,5669.91506,5953.41081,B,5.00,"WAC Adjustment",01/03/2024,01/10/2024,01/02/2024
"LUPRON DEPOT 3.75 MG KIT",00074364103,1580.75251,1659.79014,B,5.00,"WAC Adjustment",01/03/2024,01/10/2024,01/02/2024
"LUPRON DEPOT 7.5 MG KIT",00074364203,1884.18777,1978.39716,B,5.00,"WAC Adjustment",01/03/2024,01/10/2024,01/02/2024
"MULTAQ 400 MG TABLET",00024414260,12.15076,12.75830,B,5.00,"WAC Adjustment",01/03/2024,01/10/2024,01/03/2024
"MYFEMBREE 40 MG-1 MG-0.5 MG TB",72974041501,37.33467,40.13477,B,7.50,"WAC Adjustment",01/03/2024,01/10/2024,12/30/2023
"NAFTIN 2% GEL",54766077245,10.05061,10.35213,B,3.00,"WAC Adjustment",01/03/2024,01/10/2024,01/04/2024
"NAFTIN 2% GEL",54766077260,10.04415,10.34547,B,3.00,"WAC Adjustment",01/03/2024,01/10/2024,01/04/2024
"NAMZARIC 14 MG-10 MG CAPSULE",00456121430,17.95993,18.85793,B,5.00,"WAC Adjustment",01/03/2024,01/10/2024,01/02/2024
"NAMZARIC 21 MG-10 MG CAPSULE",00456122130,17.99906,18.89902,B,5.00,"WAC Adjustment",01/03/2024,01/10/2024,01/02/2024
"NAMZARIC 28 MG-10 MG CAPSULE",00456122830,17.95526,18.85302,B,5.00,"WAC Adjustment",01/03/2024,01/10/2024,01/02/2024
"NAMZARIC 7 MG-10 MG CAPSULE",00456120730,18.00322,18.90338,B,5.00,"WAC Adjustment",01/03/2024,01/10/2024,01/02/2024
"NATAZIA 28 TABLET",50419040901,8.23082,8.47997,B,3.03,"WAC Adjustment",01/03/2024,01/10/2024,01/01/2024
"NATAZIA 28 TABLET",50419040903,8.23082,8.47997,B,3.03,"WAC Adjustment",01/03/2024,01/10/2024,01/01/2024
"NORDITROPIN FLEXPRO 10 MG/1.5",00169770521,990.93332,1039.45932,B,4.90,"WAC Adjustment",01/03/2024,01/10/2024,01/01/2024
"NORDITROPIN FLEXPRO 5 MG/1.5",00169770421,487.62044,511.49921,B,4.90,"WAC Adjustment",01/03/2024,01/10/2024,01/01/2024
"NOVOLIN 70-30 100 UNIT/ML VIAL",00169183711,13.22868,4.63057,B,-65.00,"WAC Adjustment",01/03/2024,01/10/2024,01/01/2024
"NOVOLIN 70-30 FLEXPEN",00169300715,16.60133,5.81063,B,-65.00,"WAC Adjustment",01/03/2024,01/10/2024,01/01/2024
"NOVOLIN N 100 UNIT/ML FLEXPEN",00169300415,16.62854,5.82016,B,-65.00,"WAC Adjustment",01/03/2024,01/10/2024,01/01/2024
"NOVOLIN N 100 UNIT/ML VIAL",00169183411,13.21613,4.62617,B,-65.00,"WAC Adjustment",01/03/2024,01/10/2024,01/01/2024
"NOVOLIN R 100 UNIT/ML FLEXPEN",00169300315,16.64317,5.82528,B,-65.00,"WAC Adjustment",01/03/2024,01/10/2024,01/01/2024
"NOVOLIN R 100 UNIT/ML VIAL",00169183311,13.22505,4.62930,B,-65.00,"WAC Adjustment",01/03/2024,01/10/2024,01/01/2024
"NOVOLOG 100 UNIT/ML FLEXPEN",00169633910,35.79382,8.94845,B,-75.00,"WAC Adjustment",01/03/2024,01/10/2024,01/01/2024
"NOVOLOG 100 UNIT/ML VIAL",00169750111,27.79486,6.94871,B,-75.00,"WAC Adjustment",01/03/2024,01/10/2024,01/01/2024
"NOVOLOG MIX 70-30 FLEXPEN",00169369619,35.77529,8.94382,B,-75.00,"WAC Adjustment",01/03/2024,01/10/2024,01/01/2024
"NOVOLOG MIX 70-30 VIAL",00169368512,29.00890,6.99231,B,-75.90,"WAC Adjustment",01/03/2024,01/10/2024,01/01/2024
"NOVOLOG PENFILL 100 UNIT/ML",00169330312,34.36045,8.59011,B,-75.00,"WAC Adjustment",01/03/2024,01/10/2024,01/01/2024
"NUCYNTA 100 MG TABLET",24510010010,14.35698,15.77832,B,9.90,"WAC Adjustment",01/03/2024,01/10/2024,01/01/2024
"NUCYNTA 50 MG TABLET",24510005010,9.23676,10.15119,B,9.90,"WAC Adjustment",01/03/2024,01/10/2024,01/01/2024
"NUCYNTA 75 MG TABLET",24510007510,10.72161,11.78305,B,9.90,"WAC Adjustment",01/03/2024,01/10/2024,01/01/2024
"NUCYNTA ER 100 MG TABLET",24510011660,18.22084,19.67851,B,8.00,"WAC Adjustment",01/03/2024,01/10/2024,01/01/2024
"NUCYNTA ER 150 MG TABLET",24510017460,23.53288,25.41551,B,8.00,"WAC Adjustment",01/03/2024,01/10/2024,01/01/2024
"NUCYNTA ER 200 MG TABLET",24510023260,29.77424,32.15618,B,8.00,"WAC Adjustment",01/03/2024,01/10/2024,01/01/2024
"NUCYNTA ER 250 MG TABLET",24510029160,37.21217,40.18915,B,8.00,"WAC Adjustment",01/03/2024,01/10/2024,01/01/2024
"NUCYNTA ER 50 MG TABLET",24510005860,9.81141,10.59642,B,8.00,"WAC Adjustment",01/03/2024,01/10/2024,01/01/2024
"NUVESSA VAGINAL 1.3% GEL",00642746605,37.20091,39.06133,B,5.00,"WAC Adjustment",01/03/2024,01/10/2024,01/15/2024
"ODEFSEY TABLET",61958210101,112.02363,117.51279,B,4.90,"WAC Adjustment",01/03/2024,01/10/2024,01/01/2024
"ONFI 10 MG TABLET",67386031401,26.38338,28.62596,B,8.50,"WAC Adjustment",01/03/2024,01/10/2024,01/02/2024
"ONFI 2.5 MG/ML SUSPENSION",67386031321,11.56809,12.55138,B,8.50,"WAC Adjustment",01/03/2024,01/10/2024,01/02/2024
"ONFI 20 MG TABLET",67386031501,52.75042,57.23421,B,8.50,"WAC Adjustment",01/03/2024,01/10/2024,01/02/2024
"OPZELURA 1.5% CREAM",50881000705,32.16476,32.75755,B,1.84,"WAC Adjustment",01/03/2024,01/10/2024,01/01/2024
"ORENCIA 125 MG/ML SYRINGE",00003218811,1305.16414,1383.47399,B,6.00,"WAC Adjustment",01/03/2024,01/10/2024,01/01/2024
"ORENCIA CLICKJECT 125 MG/ML",00003218851,1304.32951,1382.58928,B,6.00,"WAC Adjustment",01/03/2024,01/10/2024,01/01/2024
"ORIAHNN 300-1-0.5 MG/300 MG CAPS",00074101756,18.71446,19.65019,B,5.00,"WAC Adjustment",01/03/2024,01/10/2024,01/02/2024
"ORILISSA 150 MG TABLET",00074003801,37.95256,39.85018,B,5.00,"WAC Adjustment",01/03/2024,01/10/2024,01/02/2024
"ORILISSA 150 MG TABLET",00074003828,37.95256,39.85018,B,5.00,"WAC Adjustment",01/03/2024,01/10/2024,01/02/2024
"ORILISSA 200 MG TABLET",00074003901,18.87420,19.81791,B,5.00,"WAC Adjustment",01/03/2024,01/10/2024,01/02/2024
"ORILISSA 200 MG TABLET",00074003956,18.87420,19.81791,B,5.00,"WAC Adjustment",01/03/2024,01/10/2024,01/02/2024
"OZEMPIC 0.25-0.5 MG/DOSE (2 MG/1.5 ML) PEN",00169413211,599.53845,620.52229,B,3.50,"WAC Adjustment",01/03/2024,01/10/2024,01/01/2024
"OZEMPIC 0.25-0.5 MG/DOSE (2 MG/1.5 ML) PEN",00169413212,599.53845,620.52229,B,3.50,"WAC Adjustment",01/03/2024,01/10/2024,01/01/2024
"OZEMPIC 0.25-0.5 MG/DOSE (2 MG/3 ML) PEN",00169418103,300.33926,310.85114,B,3.50,"WAC Adjustment",01/03/2024,01/10/2024,01/01/2024
"OZEMPIC 0.25-0.5 MG/DOSE (2 MG/3 ML) PEN",00169418113,300.33926,310.85114,B,3.50,"WAC Adjustment",01/03/2024,01/10/2024,01/01/2024
"OZEMPIC 1 MG/DOSE (4 MG/3 ML) PEN",00169413001,300.60684,311.12808,B,3.50,"WAC Adjustment",01/03/2024,01/10/2024,01/01/2024
"OZEMPIC 1 MG/DOSE (4 MG/3 ML) PEN",00169413013,300.60684,311.12808,B,3.50,"WAC Adjustment",01/03/2024,01/10/2024,01/01/2024
"OZEMPIC 2 MG/DOSE (8 MG/3 ML) PEN",00169477211,300.58653,311.10705,B,3.50,"WAC Adjustment",01/03/2024,01/10/2024,01/01/2024
"OZEMPIC 2 MG/DOSE (8 MG/3 ML) PEN",00169477212,300.58653,311.10705,B,3.50,"WAC Adjustment",01/03/2024,01/10/2024,01/01/2024
"PERCOCET 10-325 MG TABLET",63481062970,32.78060,36.02588,B,9.90,"WAC Adjustment",01/03/2024,01/10/2024,01/01/2024
"PERCOCET 5-325 MG TABLET",63481062370,23.21555,25.51389,B,9.90,"WAC Adjustment",01/03/2024,01/10/2024,01/01/2024
"PERCOCET 5-325 MG TABLET",63481062385,23.21555,25.51389,B,9.90,"WAC Adjustment",01/03/2024,01/10/2024,01/01/2024
"PERCOCET 7.5-325 MG TABLET",63481062870,25.13691,27.62546,B,9.90,"WAC Adjustment",01/03/2024,01/10/2024,01/01/2024
"PLAVIX 75 MG TABLET",00024117190,7.54639,7.90182,B,4.71,"WAC Adjustment",01/03/2024,01/10/2024,01/03/2024
"PLENVU POWDER PACKETS",65649040001,44.24824,45.13497,B,2.00,"WAC Adjustment",01/03/2024,01/10/2024,01/01/2024
"PRENATE MINI SOFTGEL",75854031530,11.40700,12.09142,B,6.00,"WAC Adjustment",01/03/2024,01/10/2024,01/01/2024
"PRENATE PIXIE SOFTGEL",75854031630,11.34559,12.02633,B,6.00,"WAC Adjustment",01/03/2024,01/10/2024,01/01/2024
"PRIFTIN 150 MG TABLET",00088210201,4.41775,4.63882,B,5.00,"WAC Adjustment",01/03/2024,01/10/2024,01/03/2024
"PRIFTIN 150 MG TABLET",00088210224,4.41775,4.63882,B,5.00,"WAC Adjustment",01/03/2024,01/10/2024,01/03/2024
"PROLENSA 0.07% EYE DROPS",24208060203,107.53482,113.98691,B,6.00,"WAC Adjustment",01/03/2024,01/10/2024,01/01/2024
"PULMOZYME 1 MG/ML AMPUL",50242010040,49.01867,50.48923,B,3.00,"WAC Adjustment",01/03/2024,01/10/2024,01/01/2024
"QULIPTA 10 MG TABLET",00074709530,33.20400,34.86420,B,5.00,"WAC Adjustment",01/03/2024,01/10/2024,01/02/2024
"QULIPTA 30 MG TABLET",00074709630,33.20288,34.86303,B,5.00,"WAC Adjustment",01/03/2024,01/10/2024,01/02/2024
"QULIPTA 60 MG TABLET",00074709430,33.25440,34.91712,B,5.00,"WAC Adjustment",01/03/2024,01/10/2024,01/02/2024
"RELISTOR 12 MG/0.6 ML SYRINGE",65649055103,246.13092,256.46842,B,4.20,"WAC Adjustment",01/03/2024,01/10/2024,01/01/2024
"RELISTOR 12 MG/0.6 ML VIAL",65649055102,244.39591,254.65809,B,4.20,"WAC Adjustment",01/03/2024,01/10/2024,01/01/2024
"RELISTOR 150 MG TABLET",65649015090,24.71999,25.33799,B,2.50,"WAC Adjustment",01/03/2024,01/10/2024,01/01/2024
"RINVOQ ER 15 MG TABLET",00074230630,198.28168,208.19577,B,5.00,"WAC Adjustment",01/03/2024,01/10/2024,01/02/2024
"RYBELSUS 14 MG TABLET",00169431413,30.03302,31.08417,B,3.50,"WAC Adjustment",01/03/2024,01/10/2024,01/01/2024
"RYBELSUS 14 MG TABLET",00169431430,30.03302,31.08417,B,3.50,"WAC Adjustment",01/03/2024,01/10/2024,01/01/2024
"RYBELSUS 3 MG TABLET",00169430313,30.00704,31.05729,B,3.50,"WAC Adjustment",01/03/2024,01/10/2024,01/01/2024
"RYBELSUS 3 MG TABLET",00169430330,30.00704,31.05729,B,3.50,"WAC Adjustment",01/03/2024,01/10/2024,01/01/2024
"RYBELSUS 7 MG TABLET",00169430713,30.02422,31.07507,B,3.50,"WAC Adjustment",01/03/2024,01/10/2024,01/01/2024
"RYBELSUS 7 MG TABLET",00169430730,30.02422,31.07507,B,3.50,"WAC Adjustment",01/03/2024,01/10/2024,01/01/2024
"SANCUSO 3.1 MG/24 HR PATCH",42747072601,620.92771,633.34006,B,2.00,"WAC Adjustment",01/03/2024,01/10/2024,01/03/2024
"SAVELLA 100 MG TABLET",00456151060,7.42928,7.80074,B,5.00,"WAC Adjustment",01/03/2024,01/10/2024,01/02/2024
"SAVELLA 12.5 MG TABLET",00456151260,7.35667,7.72450,B,5.00,"WAC Adjustment",01/03/2024,01/10/2024,01/02/2024
"SAVELLA 25 MG TABLET",00456152560,7.43518,7.80694,B,5.00,"WAC Adjustment",01/03/2024,01/10/2024,01/02/2024
"SAVELLA 50 MG TABLET",00456155060,7.37502,7.74377,B,5.00,"WAC Adjustment",01/03/2024,01/10/2024,01/02/2024
"SAVELLA TITRATION PACK",00456150055,7.39461,7.76434,B,5.00,"WAC Adjustment",01/03/2024,01/10/2024,01/02/2024
"SKYRIZI 150 MG/ML PEN",00074210001,19053.77256,20292.26778,B,6.50,"WAC Adjustment",01/03/2024,01/10/2024,01/02/2024
"SKYRIZI 150 MG/ML SYRINGE",00074105001,19262.39616,20514.45191,B,6.50,"WAC Adjustment",01/03/2024,01/10/2024,01/02/2024
"SOLIQUA 100 UNIT-33 MCG/ML PEN",00024576105,54.26221,56.97532,B,5.00,"WAC Adjustment",01/03/2024,01/10/2024,01/03/2024
"SPRYCEL 100 MG TABLET",00003085222,554.98593,588.28509,B,6.00,"WAC Adjustment",01/03/2024,01/10/2024,01/01/2024
"STRIBILD TABLET",61958120101,128.50809,134.80499,B,4.90,"WAC Adjustment",01/03/2024,01/10/2024,01/01/2024
"SUNOSI 150 MG TABLET",68727035101,26.33100,27.91086,B,6.00,"WAC Adjustment",01/03/2024,01/10/2024,01/01/2024
"SUNOSI 150 MG TABLET",81968035101,26.33100,27.91086,B,6.00,"WAC Adjustment",01/03/2024,01/10/2024,01/01/2024
"SUNOSI 150 MG TABLET",81968035107,26.33100,27.91086,B,6.00,"WAC Adjustment",01/03/2024,01/10/2024,01/01/2024
"SUNOSI 150 MG TABLET",81968035110,26.33100,27.91086,B,6.00,"WAC Adjustment",01/03/2024,01/10/2024,01/01/2024
"SUNOSI 75 MG TABLET",68727035001,26.21729,27.79032,B,6.00,"WAC Adjustment",01/03/2024,01/10/2024,01/01/2024
"SUNOSI 75 MG TABLET",81968035001,26.21729,27.79032,B,6.00,"WAC Adjustment",01/03/2024,01/10/2024,01/01/2024
"SUNOSI 75 MG TABLET",81968035007,26.21729,27.79032,B,6.00,"WAC Adjustment",01/03/2024,01/10/2024,01/01/2024
"SUNOSI 75 MG TABLET",81968035010,26.21729,27.79032,B,6.00,"WAC Adjustment",01/03/2024,01/10/2024,01/01/2024
"SUPREP BOWEL PREP KIT",52268001201,0.30363,0.31274,B,3.00,"WAC Adjustment",01/03/2024,01/10/2024,01/04/2024
"SUTAB 1.479-0.225-0.188 GM TAB",52268020101,6.35273,6.54312,B,3.00,"WAC Adjustment",01/03/2024,01/10/2024,01/04/2024
"SYMBICORT 160-4.5 MCG INHALER",00186037020,36.70663,22.02361,B,-40.00,"WAC Adjustment",01/03/2024,01/10/2024,01/01/2024
"SYMBICORT 160-4.5 MCG INHALER",00186037028,42.12563,25.27453,B,-40.00,"WAC Adjustment",01/03/2024,01/10/2024,01/01/2024
"SYMBICORT 80-4.5 MCG INHALER",00186037220,32.12677,19.27638,B,-40.00,"WAC Adjustment",01/03/2024,01/10/2024,01/01/2024
"SYMBICORT 80-4.5 MCG INHALER",00186037228,32.12772,19.27727,B,-40.00,"WAC Adjustment",01/03/2024,01/10/2024,01/01/2024
"SYMPROIC 0.2 MG TABLET",59385004130,13.93694,14.77302,B,6.00,"WAC Adjustment",01/03/2024,01/10/2024,01/01/2024
"SYNTHROID 100 MCG TABLET",00074662411,1.43882,1.51078,B,5.00,"WAC Adjustment",01/03/2024,01/10/2024,01/02/2024
"SYNTHROID 100 MCG TABLET",00074662419,1.43882,1.51078,B,5.00,"WAC Adjustment",01/03/2024,01/10/2024,01/02/2024
"SYNTHROID 100 MCG TABLET",00074662490,1.43882,1.51078,B,5.00,"WAC Adjustment",01/03/2024,01/10/2024,01/02/2024
"SYNTHROID 112 MCG TABLET",00074929619,1.43917,1.51114,B,5.00,"WAC Adjustment",01/03/2024,01/10/2024,01/02/2024
"SYNTHROID 112 MCG TABLET",00074929690,1.43917,1.51114,B,5.00,"WAC Adjustment",01/03/2024,01/10/2024,01/02/2024
"SYNTHROID 125 MCG TABLET",00074706811,1.44014,1.51212,B,5.00,"WAC Adjustment",01/03/2024,01/10/2024,01/02/2024
"SYNTHROID 125 MCG TABLET",00074706819,1.44014,1.51212,B,5.00,"WAC Adjustment",01/03/2024,01/10/2024,01/02/2024
"SYNTHROID 125 MCG TABLET",00074706890,1.44014,1.51212,B,5.00,"WAC Adjustment",01/03/2024,01/10/2024,01/02/2024
"SYNTHROID 137 MCG TABLET",00074372719,1.43921,1.51115,B,5.00,"WAC Adjustment",01/03/2024,01/10/2024,01/02/2024
"SYNTHROID 137 MCG TABLET",00074372790,1.43921,1.51115,B,5.00,"WAC Adjustment",01/03/2024,01/10/2024,01/02/2024
"SYNTHROID 150 MCG TABLET",00074706911,1.43945,1.51140,B,5.00,"WAC Adjustment",01/03/2024,01/10/2024,01/02/2024
"SYNTHROID 150 MCG TABLET",00074706919,1.43945,1.51140,B,5.00,"WAC Adjustment",01/03/2024,01/10/2024,01/02/2024
"SYNTHROID 150 MCG TABLET",00074706990,1.43945,1.51140,B,5.00,"WAC Adjustment",01/03/2024,01/10/2024,01/02/2024
"SYNTHROID 175 MCG TABLET",00074707019,1.43613,1.50792,B,5.00,"WAC Adjustment",01/03/2024,01/10/2024,01/02/2024
"SYNTHROID 175 MCG TABLET",00074707090,1.43613,1.50792,B,5.00,"WAC Adjustment",01/03/2024,01/10/2024,01/02/2024
"SYNTHROID 200 MCG TABLET",00074714811,1.44239,1.51449,B,5.00,"WAC Adjustment",01/03/2024,01/10/2024,01/02/2024
"SYNTHROID 200 MCG TABLET",00074714819,1.44239,1.51449,B,5.00,"WAC Adjustment",01/03/2024,01/10/2024,01/02/2024
"SYNTHROID 200 MCG TABLET",00074714890,1.44239,1.51449,B,5.00,"WAC Adjustment",01/03/2024,01/10/2024,01/02/2024
"SYNTHROID 25 MCG TABLET",00074434119,1.44025,1.51225,B,5.00,"WAC Adjustment",01/03/2024,01/10/2024,01/02/2024
"SYNTHROID 25 MCG TABLET",00074434190,1.44025,1.51225,B,5.00,"WAC Adjustment",01/03/2024,01/10/2024,01/02/2024
"SYNTHROID 300 MCG TABLET",00074714919,1.43548,1.50729,B,5.00,"WAC Adjustment",01/03/2024,01/10/2024,01/02/2024
"SYNTHROID 300 MCG TABLET",00074714990,1.43548,1.50729,B,5.00,"WAC Adjustment",01/03/2024,01/10/2024,01/02/2024
"SYNTHROID 50 MCG TABLET",00074455211,1.44170,1.51380,B,5.00,"WAC Adjustment",01/03/2024,01/10/2024,01/02/2024
"SYNTHROID 50 MCG TABLET",00074455219,1.44170,1.51380,B,5.00,"WAC Adjustment",01/03/2024,01/10/2024,01/02/2024
"SYNTHROID 50 MCG TABLET",00074455290,1.44170,1.51380,B,5.00,"WAC Adjustment",01/03/2024,01/10/2024,01/02/2024
"SYNTHROID 75 MCG TABLET",00074518211,1.44184,1.51394,B,5.00,"WAC Adjustment",01/03/2024,01/10/2024,01/02/2024
"SYNTHROID 75 MCG TABLET",00074518219,1.44184,1.51394,B,5.00,"WAC Adjustment",01/03/2024,01/10/2024,01/02/2024
"SYNTHROID 75 MCG TABLET",00074518290,1.44184,1.51394,B,5.00,"WAC Adjustment",01/03/2024,01/10/2024,01/02/2024
"SYNTHROID 88 MCG TABLET",00074659419,1.44178,1.51387,B,5.00,"WAC Adjustment",01/03/2024,01/10/2024,01/02/2024
"SYNTHROID 88 MCG TABLET",00074659490,1.44178,1.51387,B,5.00,"WAC Adjustment",01/03/2024,01/10/2024,01/02/2024
"TAYTULLA 1 MG-20 MCG CAPSULE",00023586228,7.81870,8.20963,B,5.00,"WAC Adjustment",01/03/2024,01/10/2024,01/02/2024
"TAYTULLA 1 MG-20 MCG CAPSULE",00023586230,7.81870,8.20963,B,5.00,"WAC Adjustment",01/03/2024,01/10/2024,01/02/2024
"THEO-24 ER 100 MG CAPSULE",52244010010,3.08980,3.39566,B,9.90,"WAC Adjustment",01/03/2024,01/10/2024,01/01/2024
"THEO-24 ER 200 MG CAPSULE",52244020010,4.57375,5.02650,B,9.90,"WAC Adjustment",01/03/2024,01/10/2024,01/01/2024
"THEO-24 ER 300 MG CAPSULE",52244030010,5.62446,6.18128,B,9.90,"WAC Adjustment",01/03/2024,01/10/2024,01/01/2024
"THEO-24 ER 400 MG CAPSULE",52244040010,7.90744,8.69028,B,9.90,"WAC Adjustment",01/03/2024,01/10/2024,01/01/2024
"TIMOPTIC 0.5% OCUDOSE DROP",00187149605,9.59823,10.17413,B,6.00,"WAC Adjustment",01/03/2024,01/10/2024,01/01/2024
"TIMOPTIC 0.5% OCUDOSE DROP",24208049968,9.59823,10.17413,B,6.00,"WAC Adjustment",01/03/2024,01/10/2024,01/01/2024
"TIVICAY 50 MG TABLET",49702022813,69.04577,73.14709,B,5.94,"WAC Adjustment",01/03/2024,01/10/2024,01/01/2024
"TOUJEO MAX SOLOSTR 300 UNIT/ML",00024587102,87.07582,91.42961,B,5.00,"WAC Adjustment",01/03/2024,01/10/2024,01/03/2024
"TOUJEO SOLOSTAR 300 UNIT/ML",00024586903,86.95774,91.30563,B,5.00,"WAC Adjustment",01/03/2024,01/10/2024,01/03/2024
"TRELEGY ELLIPTA 100-62.5-25",00173088710,10.22268,10.52946,B,3.00,"WAC Adjustment",01/03/2024,01/10/2024,01/01/2024
"TRELEGY ELLIPTA 100-62.5-25",00173088714,10.24814,10.55569,B,3.00,"WAC Adjustment",01/03/2024,01/10/2024,01/01/2024
"TRELEGY ELLIPTA 200-62.5-25",00173089310,10.22537,10.53223,B,3.00,"WAC Adjustment",01/03/2024,01/10/2024,01/01/2024
"TRELEGY ELLIPTA 200-62.5-25",00173089314,10.14650,10.45100,B,3.00,"WAC Adjustment",01/03/2024,01/10/2024,01/01/2024
"TRIUMEQ 600-50-300 MG TABLET",49702023113,114.50530,121.30692,B,5.94,"WAC Adjustment",01/03/2024,01/10/2024,01/01/2024
"TRULANCE 3 MG TABLET",65649000330,17.21611,17.83589,B,3.60,"WAC Adjustment",01/03/2024,01/10/2024,01/01/2024
"TYMLOS 80 MCG DOSE PEN INJECTR",70539000101,1553.13936,1646.35878,B,6.00,"WAC Adjustment",01/03/2024,01/10/2024,01/01/2024
"TYMLOS 80 MCG DOSE PEN INJECTR",70539000102,1553.13936,1646.35878,B,6.00,"WAC Adjustment",01/03/2024,01/10/2024,01/01/2024
"UBRELVY 100 MG TABLET",00023650102,94.51007,99.23558,B,5.00,"WAC Adjustment",01/03/2024,01/10/2024,01/02/2024
"UBRELVY 100 MG TABLET",00023650110,94.51007,99.23558,B,5.00,"WAC Adjustment",01/03/2024,01/10/2024,01/02/2024
"UBRELVY 100 MG TABLET",00023650116,94.51007,99.23558,B,5.00,"WAC Adjustment",01/03/2024,01/10/2024,01/02/2024
"UBRELVY 50 MG TABLET",00023649802,94.40514,99.12540,B,5.00,"WAC Adjustment",01/03/2024,01/10/2024,01/02/2024
"UBRELVY 50 MG TABLET",00023649810,94.40514,99.12540,B,5.00,"WAC Adjustment",01/03/2024,01/10/2024,01/02/2024
"VEMLIDY 25 MG TABLET",61958230101,44.24454,46.41252,B,4.90,"WAC Adjustment",01/03/2024,01/10/2024,01/01/2024
"VIBERZI 100 MG TABLET",61874010060,24.30831,25.52372,B,5.00,"WAC Adjustment",01/03/2024,01/10/2024,01/02/2024
"VIBERZI 75 MG TABLET",61874007560,24.36361,25.58179,B,5.00,"WAC Adjustment",01/03/2024,01/10/2024,01/02/2024
"VICTOZA 2-PAK 18 MG/3 ML PEN",00169406012,119.64681,87.34097,B,-27.00,"WAC Adjustment",01/03/2024,01/10/2024,01/01/2024
"VICTOZA 3-PAK 18 MG/3 ML PEN",00169406013,119.65102,87.34524,B,-27.00,"WAC Adjustment",01/03/2024,01/10/2024,01/01/2024
"VIIBRYD 10 MG TABLET",00456111030,10.56200,11.09021,B,5.00,"WAC Adjustment",01/03/2024,01/10/2024,01/02/2024
"VIIBRYD 20 MG TABLET",00456112030,10.58564,11.11503,B,5.00,"WAC Adjustment",01/03/2024,01/10/2024,01/02/2024
"VIIBRYD 40 MG TABLET",00456114030,10.57900,11.10806,B,5.00,"WAC Adjustment",01/03/2024,01/10/2024,01/02/2024
"VITAFOL GUMMIES",00642012590,1.38844,1.43014,B,3.00,"WAC Adjustment",01/03/2024,01/10/2024,01/15/2024
"VITAFOL ULTRA SOFTGEL",00642009330,4.12387,4.24771,B,3.00,"WAC Adjustment",01/03/2024,01/10/2024,01/15/2024
"VITAFOL-ONE CAPSULE",00642007030,4.07985,4.20233,B,3.00,"WAC Adjustment",01/03/2024,01/10/2024,01/15/2024
"VRAYLAR 1.5 MG CAPSULE",61874011511,44.02114,46.22219,B,5.00,"WAC Adjustment",01/03/2024,01/10/2024,01/02/2024
"VRAYLAR 1.5 MG CAPSULE",61874011520,44.02114,46.22219,B,5.00,"WAC Adjustment",01/03/2024,01/10/2024,01/02/2024
"VRAYLAR 1.5 MG CAPSULE",61874011530,44.02114,46.22219,B,5.00,"WAC Adjustment",01/03/2024,01/10/2024,01/02/2024
"VRAYLAR 3 MG CAPSULE",61874013011,44.02153,46.22261,B,5.00,"WAC Adjustment",01/03/2024,01/10/2024,01/02/2024
"VRAYLAR 3 MG CAPSULE",61874013020,44.02153,46.22261,B,5.00,"WAC Adjustment",01/03/2024,01/10/2024,01/02/2024
"VRAYLAR 3 MG CAPSULE",61874013030,44.02153,46.22261,B,5.00,"WAC Adjustment",01/03/2024,01/10/2024,01/02/2024
"VRAYLAR 4.5 MG CAPSULE",61874014530,43.99323,46.19290,B,5.00,"WAC Adjustment",01/03/2024,01/10/2024,01/02/2024
"VRAYLAR 6 MG CAPSULE",61874016030,43.96450,46.16272,B,5.00,"WAC Adjustment",01/03/2024,01/10/2024,01/02/2024
"VUITY 1.25% EYE DROP",00074709802,28.11059,29.51443,B,4.99,"WAC Adjustment",01/03/2024,01/10/2024,01/02/2024
"VUITY 1.25% EYE DROP",00074709804,28.11059,29.51443,B,4.99,"WAC Adjustment",01/03/2024,01/10/2024,01/02/2024
"VYZULTA 0.024% OPHTH SOLUTION",24208050402,92.30610,97.84354,B,6.00,"WAC Adjustment",01/03/2024,01/10/2024,01/01/2024
"VYZULTA 0.024% OPHTH SOLUTION",24208050405,92.46200,98.00880,B,6.00,"WAC Adjustment",01/03/2024,01/10/2024,01/01/2024
"WELLBUTRIN XL 150 MG TABLET",00187073030,57.80023,63.52246,B,9.90,"WAC Adjustment",01/03/2024,01/10/2024,01/01/2024
"WELLBUTRIN XL 150 MG TABLET",00187073090,57.80023,63.52246,B,9.90,"WAC Adjustment",01/03/2024,01/10/2024,01/01/2024
"WELLBUTRIN XL 300 MG TABLET",00187073130,76.52120,84.09680,B,9.90,"WAC Adjustment",01/03/2024,01/10/2024,01/01/2024
"XIFAXAN 200 MG TABLET",65649030103,9.77717,10.10940,B,3.40,"WAC Adjustment",01/03/2024,01/10/2024,01/01/2024
"XIFAXAN 550 MG TABLET",65649030302,50.44460,52.15972,B,3.40,"WAC Adjustment",01/03/2024,01/10/2024,01/01/2024
"XIFAXAN 550 MG TABLET",65649030303,50.44460,52.15972,B,3.40,"WAC Adjustment",01/03/2024,01/10/2024,01/01/2024
"XIGDUO XR 10 MG-1,000 MG TAB",00310628030,18.08136,18.62380,B,3.00,"WAC Adjustment",01/03/2024,01/10/2024,01/01/2024
"XIGDUO XR 10 MG-500 MG TABLET",00310627030,18.11856,18.66211,B,3.00,"WAC Adjustment",01/03/2024,01/10/2024,01/01/2024
"XIGDUO XR 2.5 MG-1,000 MG TAB",00310622560,9.06412,9.33604,B,3.00,"WAC Adjustment",01/03/2024,01/10/2024,01/01/2024
"XIGDUO XR 5 MG-1,000 MG TABLET",00310626060,9.02331,9.29401,B,3.00,"WAC Adjustment",01/03/2024,01/10/2024,01/01/2024
"XIGDUO XR 5 MG-500 MG TABLET",00310625030,18.04406,18.58538,B,3.00,"WAC Adjustment",01/03/2024,01/10/2024,01/01/2024
"XIIDRA 5% EYE DROPS",00078091112,10.96169,11.23573,B,2.50,"WAC Adjustment",01/03/2024,01/10/2024,01/01/2024
"XTAMPZA ER 13.5 MG CAPSULE",24510011510,8.81170,9.04080,B,2.60,"WAC Adjustment",01/03/2024,01/10/2024,01/01/2024
"XTAMPZA ER 18 MG CAPSULE",24510012010,11.14190,11.43159,B,2.60,"WAC Adjustment",01/03/2024,01/10/2024,01/01/2024
"XTAMPZA ER 27 MG CAPSULE",24510013010,15.45974,15.86169,B,2.60,"WAC Adjustment",01/03/2024,01/10/2024,01/01/2024
"XTAMPZA ER 36 MG CAPSULE",24510014010,18.98551,19.47913,B,2.60,"WAC Adjustment",01/03/2024,01/10/2024,01/01/2024
"XTAMPZA ER 9 MG CAPSULE",24510011010,5.94652,6.10113,B,2.60,"WAC Adjustment",01/03/2024,01/10/2024,01/01/2024
"XULTOPHY 100 UNIT-3.6 MG/ML PEN",00169291115,79.06613,82.70318,B,4.60,"WAC Adjustment",01/03/2024,01/10/2024,01/01/2024
"XYOSTED 100 MG/0.5 ML AUTO-INJ",54436020004,290.42548,299.14115,B,3.00,"WAC Adjustment",01/03/2024,01/10/2024,01/04/2024
"XYOSTED 50 MG/0.5 ML AUTO-INJ",54436025004,290.19818,298.90703,B,3.00,"WAC Adjustment",01/03/2024,01/10/2024,01/04/2024
"XYOSTED 75 MG/0.5 ML AUTO-INJ",54436027504,289.81188,298.50913,B,3.00,"WAC Adjustment",01/03/2024,01/10/2024,01/04/2024
"ZIRGAN 0.15% OPHTHALMIC GEL",24208053535,85.08057,90.18626,B,6.00,"WAC Adjustment",01/03/2024,01/10/2024,01/01/2024
"ZYLET EYE DROPS",24208035805,60.00100,63.60106,B,6.00,"WAC Adjustment",01/03/2024,01/10/2024,01/01/2024
